name,email
sachin,sachin@123
sana,sana@123
afreen,afreen@123
shaista,shaista@125
bilquise,bilquise@123
anil,anil123
dhoni,dhoni07
rohit,rohit45
krishh,krishh45
